id,tags,tags_transl,user,userId,title,description,type,page,bookmark,bookmarked,likeCount,viewCount,commentCount,width,height,xRestrict,AI,date,original,thumb,fileName
138895002,"R-18,commission,OC,ふたなり,巨根,爆乳","R-18,commission,OC,扶他,巨大阴茎,爆乳",Crysskail,75535732,"Tali and futa Talyna","Comm for @/ tall_deer_lady on Twitter of their OCs-  Tali & Talyna

First time doing a super low angle shot like this one
Also tried a little different approach to rendering here",Illustration,1,287,No,173,1080,1,1473,1077,R-18,No,2025-12-22T00:44:00+00:00,https://i.pximg.net/img-original/img/2025/12/22/09/44/31/138895002_p0.png,https://i.pximg.net/c/250x250_80_a2/custom-thumb/img/2025/12/22/09/44/31/138895002_p0_custom1200.jpg,"Crysskail75535732/Tali and futa Talyna#138895002_p000.png"
136954373,"R-18,commission,ふたなり,巨根,爆乳,スライム娘,Growth","R-18,commission,扶他,巨大阴茎,爆乳,史莱姆娘,Growth",Crysskail,75535732,"Futa gts Oozelle","Comm for @ JithJith8075 on twitter
The beginning of a growth sequence featuring their OC Oozelle

Learning material rendering the hard way...",Illustration,2,290,No,181,1563,0,1313,1565,R-18,No,2025-11-01T01:33:00+00:00,https://i.pximg.net/img-original/img/2025/11/01/10/33/07/136954373_p0.png,https://i.pximg.net/c/250x250_80_a2/img-master/img/2025/11/01/10/33/07/136954373_p0_square1200.jpg,"Crysskail75535732/136954373Futa gts Oozelle/Futa gts Oozelle#136954373_p000.png"
134620449,"R-18,commission,OC,ふたなり,巨根,爆乳","R-18,commission,OC,扶他,巨大阴茎,爆乳",Crysskail,75535732,"Futa Colette 2","Comm for @Coolettuce on twitter of their OC, Colette

Backgrounds... my best and worst frenemy...",Illustration,1,653,No,384,2566,2,1868,1548,R-18,No,2025-09-02T01:01:00+00:00,https://i.pximg.net/img-original/img/2025/09/02/10/01/47/134620449_p0.png,https://i.pximg.net/c/250x250_80_a2/img-master/img/2025/09/02/10/01/47/134620449_p0_square1200.jpg,"Crysskail75535732/Futa Colette 2#134620449_p000.png"
133902850,"R-18,commission,disney,ふたなり,巨根,爆乳","R-18,commission,disney,扶他,巨大阴茎,爆乳",Crysskail,75535732,"Futa Merida","Comm for Anon of Merida
Proud of the face and hair here",Illustration,2,675,No,409,2985,2,863,1089,R-18,No,2025-08-15T00:35:00+00:00,https://i.pximg.net/img-original/img/2025/08/15/09/35/19/133902850_p0.png,https://i.pximg.net/c/250x250_80_a2/img-master/img/2025/08/15/09/35/19/133902850_p0_square1200.jpg,"Crysskail75535732/133902850Futa Merida/Futa Merida#133902850_p000.png"
133389554,"R-18,League_of_Legends,commission,ふたなり,筋肉娘,巨根,Riven,Vi","R-18,League_of_Legends,commission,扶他,肌肉娘,巨大阴茎,Riven,Vi",Crysskail,75535732,"Futa Primal Ambush Riven & Vi","A whole ass splash art, Primal Ambush Riven and Vi enjoying the thrill of an even match
I honestly forgot at times it was nsfw at all while rendering all the gold and the background lol

Comm for @ Astrail_rain from Twitter",Illustration,1,159,No,94,1625,0,2349,1570,R-18,No,2025-08-02T01:29:00+00:00,https://i.pximg.net/img-original/img/2025/08/02/10/29/37/133389554_p0.png,https://i.pximg.net/c/250x250_80_a2/custom-thumb/img/2025/08/02/10/29/37/133389554_p0_custom1200.jpg,"Crysskail75535732/Futa Primal Ambush Riven & Vi#133389554_p000.png"
130965263,"R-18,OC,男,巨根,もっこり","R-18,OC,男,巨大阴茎,股间隆起",Crysskail,75535732,"Vander redesing [OC]","A redesign of the other of my (2) OCs, Vander 
Slightly complicated purpose, pseudo sona of sorts
Tali's other half

Would be neat to see art of him or be c0mmed to draw him... too ┌ ┐(〃▽〃)",Illustration,1,183,No,125,1758,0,1142,1114,R-18,No,2025-05-30T00:34:00+00:00,https://i.pximg.net/img-original/img/2025/05/30/09/34/44/130965263_p0.png,https://i.pximg.net/c/250x250_80_a2/img-master/img/2025/05/30/09/34/44/130965263_p0_square1200.jpg,"Crysskail75535732/Vander redesing [OC]#130965263_p000.png"
130642721,"R-18,巨尻,太もも,Marvel_Rivals,ペニー・パーカー","R-18,肥臀,大腿,Marvel_Rivals,潘妮·帕克",Crysskail,75535732,"Ass too big for SP//dr","A very experimental drawing I've had for a little while
Completely different process through out, with greyscale painting and gradient maps and all that

Proud of how SP//dr's rendering ended up looking

And perhaps, Peni's relative size here is completely intentional hm...",Illustration,1,446,No,246,2062,0,771,599,R-18,No,2025-05-21T00:51:00+00:00,https://i.pximg.net/img-original/img/2025/05/21/09/51/32/130642721_p0.png,https://i.pximg.net/c/250x250_80_a2/img-master/img/2025/05/21/09/51/32/130642721_p0_square1200.jpg,"Crysskail75535732/Ass too big for SP／／dr#130642721_p000.png"
130281527,"R-18,OC,ふたなり,巨根,長身女性,爆乳,筋肉娘","R-18,OC,扶他,巨大阴茎,高妹,爆乳,肌肉娘",Crysskail,75535732,"Tali redesign [OC]","A redesign of one of my (2) OCs, Tali
A cute, bashful mini-gts, can also be futa
Introverted and submissive af
As self indulgent as it gets

Would be neat to see art of her or be c0mmed to draw her... ┌ ┐(〃▽〃)
(whenever I open...)",Illustration,1,880,No,467,3855,3,1238,1175,R-18,No,2025-05-11T02:11:00+00:00,https://i.pximg.net/img-original/img/2025/05/11/11/11/02/130281527_p0.png,https://i.pximg.net/c/250x250_80_a2/img-master/img/2025/05/11/11/11/02/130281527_p0_square1200.jpg,"Crysskail75535732/Tali redesign [OC]#130281527_p000.png"
127577365,"R-18,ふたなり,commission,OC,筋肉娘,巨根,巨乳","R-18,扶他,commission,OC,肌肉娘,巨大阴茎,巨乳",Crysskail,75535732,"Futa Cassandra","We are so back fr this time, got sidetracked with other projects...
Trying to push myself artistically

For @/ DiscreetTemplar on Twitter of their OC

Be sure to follow me here and on my other accounts too (linked in bio)! In case something happens... again...",Illustration,1,593,No,351,2865,4,1659,1460,R-18,No,2025-02-24T02:05:00+00:00,https://i.pximg.net/img-original/img/2025/02/24/11/05/31/127577365_p0.png,https://i.pximg.net/c/250x250_80_a2/img-master/img/2025/02/24/11/05/31/127577365_p0_square1200.jpg,"Crysskail75535732/Futa Cassandra#127577365_p000.png"
118166283,"R-18,League_of_Legends,ふたなり,soraka,巨尻,巨根,馬チンポ,StarGuardian","R-18,League_of_Legends,扶他,soraka,肥臀,巨大阴茎,马屌,StarGuardian",Crysskail,75535732,"Futa SG Soraka","Took longer than exepcted... sorry for the long sort of hiatus
I did try a lot of different and new things with this one
I love SG Soraka's colors... her hair is a chore tho",Illustration,1,1874,No,1034,9085,5,1440,972,R-18,No,2024-04-26T01:25:00+00:00,https://i.pximg.net/img-original/img/2024/04/26/10/25/39/118166283_p0.png,https://i.pximg.net/c/250x250_80_a2/custom-thumb/img/2024/04/26/10/25/39/118166283_p0_custom1200.jpg,"Crysskail75535732/Futa SG Soraka#118166283_p000.png"
114159852,Twitter,Twitter,Crysskail,75535732,"IMPORTANT NOTICE- TWITTER","So... my original account got suspended for literally no reason. It got reinstated the first time, but it quickly got suspended again and the appeal was denied so I'm not getting it back I'm afraid...

If you followed me before there, I would really apreciate it if you followed me in this new account-
@Crysskail_art
Linked in my bio as well",Illustration,1,83,No,64,3476,0,656,677,AllAges,No,2023-12-12T02:00:00+00:00,https://i.pximg.net/img-original/img/2023/12/12/11/00/37/114159852_p0.png,https://i.pximg.net/c/250x250_80_a2/img-master/img/2023/12/12/11/00/37/114159852_p0_square1200.jpg,"Crysskail75535732/IMPORTANT NOTICE- TWITTER#114159852_p000.png"
111461189,"R-18,ふたなり,commission,OC,League_of_Legends,Lillia,巨尻,馬チンポ,おとこのこ,巨乳","R-18,扶他,commission,OC,League_of_Legends,Lillia,肥臀,马屌,femboy,巨乳",Crysskail,75535732,"Futa Lillia and Snake","8th one (finally at last) for @SnakeEye_Z on the site formerly know as Twitter of Lillia and their OC, Snake (he is a guy, at least here xp)

Options are as limited as you are creative when it's bigger than your whole torso",Illustration,1,1623,No,938,11282,5,869,1589,R-18,No,2023-09-05T01:09:00+00:00,https://i.pximg.net/img-original/img/2023/09/05/10/09/37/111461189_p0.png,https://i.pximg.net/c/250x250_80_a2/img-master/img/2023/09/05/10/09/37/111461189_p0_square1200.jpg,"Crysskail75535732/Futa Lillia and Snake#111461189_p000.png"
110425541,"R-18,commission,ふたなり,筋肉娘,腹筋,巨根,ファイアーエムブレム,揉みしだきたい玉","R-18,commission,扶他,肌肉娘,腹肌,巨大阴茎,圣火降魔录,绝妙的蛋蛋",Crysskail,75535732,"Futa Anna 3","7th one, for @RedHeadRedemp_ on Twitter of Anna from Fire Emblem once again 
Big difference between this one and one of my very first",Illustration,1,1691,No,854,8045,7,1088,1088,R-18,No,2023-08-01T00:47:00+00:00,https://i.pximg.net/img-original/img/2023/08/01/09/47/03/110425541_p0.png,https://i.pximg.net/c/250x250_80_a2/img-master/img/2023/08/01/09/47/03/110425541_p0_square1200.jpg,"Crysskail75535732/Futa Anna 3#110425541_p000.png"
109575396,"R-18,commission,League_of_Legends,Lux(LoL),ふたなり,Taliyah,巨乳,巨根,揉みしだきたい玉","R-18,commission,League_of_Legends,Lux(LoL),扶他,Taliyah,巨乳,巨大阴茎,绝妙的蛋蛋",Crysskail,75535732,"Futa Lux & Taliyah","Second round, 5th one for @BanditGal3496 on Twitter of Lux & Taliyah
I really liked working on this one ngl

Literal dick measuring contest, you know who I'm choosing (*˘︶˘*)",Illustration,2,1507,No,790,9530,4,968,1194,R-18,No,2023-07-03T01:37:00+00:00,https://i.pximg.net/img-original/img/2023/07/03/10/37/51/109575396_p0.png,https://i.pximg.net/c/250x250_80_a2/img-master/img/2023/07/03/10/37/51/109575396_p0_square1200.jpg,"Crysskail75535732/109575396Futa Lux & Taliyah/Futa Lux & Taliyah#109575396_p000.png"
109385394,"R-18,commission,長身女性,爆乳,太もも,巨乳,巨大化,ドキドキ文芸部!,Sayori(DDLC),Yuri(DDLC)","R-18,commission,高妹,爆乳,大腿,巨乳,巨大化,心动文学俱乐部！,Sayori(DDLC),Yuri(DDLC)",Crysskail,75535732,"Mini-gts growth Sayori","Commission for @FlipDuckky on Twitter
Good ol' mini-gts is always fun to do
Hopefully Yuri can join her next... ┌ ┐(〃▽〃)",Illustration,2,1787,No,839,13556,6,1230,1252,R-18,No,2023-06-27T00:50:00+00:00,https://i.pximg.net/img-original/img/2023/06/27/09/50/47/109385394_p0.png,https://i.pximg.net/c/250x250_80_a2/img-master/img/2023/06/27/09/50/47/109385394_p0_square1200.jpg,"Crysskail75535732/109385394Mini-gts growth Sayori/Mini-gts growth Sayori#109385394_p000.png"
109058888,"R-18,ふたなり,巨乳,巨根,OC,尻神様,揉みしだきたい玉","R-18,扶他,巨乳,巨大阴茎,OC,尻神样,绝妙的蛋蛋",Crysskail,75535732,Kera,"Birthday gift for @Fibilis on Twitter",Illustration,1,1485,No,668,7167,1,1218,1127,R-18,No,2023-06-16T07:22:00+00:00,https://i.pximg.net/img-original/img/2023/06/16/16/22/14/109058888_p0.png,https://i.pximg.net/c/250x250_80_a2/img-master/img/2023/06/16/16/22/14/109058888_p0_square1200.jpg,Crysskail75535732/Kera#109058888_p000.png
108622648,"R-18,League_of_Legends,ふたなり,巨乳,太もも,巨根,Seraphine,Zeri","R-18,League_of_Legends,扶他,巨乳,大腿,巨大阴茎,Seraphine,Zeri",Crysskail,75535732,"Futa Seraphine & Zeri","Third one for @DiscreetTemplar on Twitter, of Seraphine and Zeri
Finally getting back in track, so I expect the next ones to come sooner 〒▽〒

Sera doesn't have much time inbetween perfomances, tho Zeri certainly makes the most out of it",Illustration,2,1310,No,689,8484,0,1578,1528,R-18,No,2023-06-01T01:28:00+00:00,https://i.pximg.net/img-original/img/2023/06/01/10/28/43/108622648_p0.png,https://i.pximg.net/c/250x250_80_a2/img-master/img/2023/06/01/10/28/43/108622648_p0_square1200.jpg,"Crysskail75535732/108622648Futa Seraphine & Zeri/Futa Seraphine & Zeri#108622648_p000.png"
108223124,"R-18,巨乳,筋肉娘,太もも,にゃんこ大戦争","R-18,巨乳,肌肉娘,大腿,喵星人大战",Crysskail,75535732,"The Battle Cat-girls","Idk why I'm struggling to finish stuff, so I'm trying to recover my ""flow"" slowly again, so I can actually continue working on comms ;_;

Anyways, here's the result of that, Battle Cat-girls. Why? idk, goated game tho. Only gacha I'll ever play.",Illustration,4,703,No,449,7829,3,992,992,AllAges,No,2023-05-18T01:24:00+00:00,https://i.pximg.net/img-original/img/2023/05/18/10/24/16/108223124_p0.png,https://i.pximg.net/c/250x250_80_a2/img-master/img/2023/05/18/10/24/16/108223124_p0_square1200.jpg,"Crysskail75535732/108223124The Battle Cat-girls/The Battle Cat-girls#108223124_p000.png"
107533849,"R-18,commission,OC,ふたなり,筋肉娘,太もも","R-18,commission,OC,扶他,肌肉娘,大腿",Crysskail,75535732,"Futa Ginra","For @jakal_low on Twitter of their oc, Ginra
Wanted to try something different with the lighting here

One of her prefered ways to wind down after a fight",Illustration,1,1024,No,536,5925,2,1225,1216,R-18,No,2023-04-26T01:26:00+00:00,https://i.pximg.net/img-original/img/2023/04/26/10/26/12/107533849_p0.png,https://i.pximg.net/c/250x250_80_a2/img-master/img/2023/04/26/10/26/12/107533849_p0_square1200.jpg,"Crysskail75535732/Futa Ginra#107533849_p000.png"
107345497,"R-18,commission,Taliyah,OC,League_of_Legends,ふたなり,巨乳,筋肉娘,人魚,巨根","R-18,commission,Taliyah,OC,League_of_Legends,扶他,巨乳,肌肉娘,人鱼,巨大阴茎",Crysskail,75535732,"Futa Murm & Taliyah","Finally got things sorted out, so first one, of this long queue, is for @BlartScru on Twitter of Taliyah and their friend's oc

Totally not baised pick btw

Below the shallow waters, a big surprise was waiting for her (¬‿¬)",Illustration,3,1390,No,749,9552,3,1690,1439,R-18,No,2023-04-20T02:22:00+00:00,https://i.pximg.net/img-original/img/2023/04/20/11/22/38/107345497_p0.png,https://i.pximg.net/c/250x250_80_a2/img-master/img/2023/04/20/11/22/38/107345497_p0_square1200.jpg,"Crysskail75535732/107345497Futa Murm & Taliyah/Futa Murm & Taliyah#107345497_p000.png"
106944345,"League_of_Legends,Taliyah,巨尻,太もも,StarGuardian","League_of_Legends,Taliyah,肥臀,大腿,StarGuardian",Crysskail,75535732,"Sessions Taliyah","Was missing a recent example for my comm sheet so...

About time I drew Sessions Taliyah, which marks the  5th consecutive post of her, and I'm personally enjoying it a lot ( ´ ▿ ` )",Illustration,1,399,No,236,3993,1,805,910,AllAges,No,2023-04-07T03:44:00+00:00,https://i.pximg.net/img-original/img/2023/04/07/12/44/00/106944345_p0.png,https://i.pximg.net/c/250x250_80_a2/custom-thumb/img/2023/04/07/12/44/00/106944345_p0_custom1200.jpg,"Crysskail75535732/Sessions Taliyah#106944345_p000.png"
106883752,"R-18,ふたなり,Taliyah,巨乳,太もも,筋肉娘,Kai'sa,巨根,League_of_Legends","R-18,扶他,Taliyah,巨乳,大腿,肌肉娘,Kai'sa,巨大阴茎,League_of_Legends",Crysskail,75535732,"Futa Taliyah & Kai'sa","First trees and leaves, then stones and sand...

It's finally done tho! Continuing the trend of needlesly pretty backgrounds for futa dick, this time with Taliyah and Kai'sa
I need... more of her... ( 〃▽〃)",Illustration,1,2179,No,1090,11345,4,2532,1611,R-18,No,2023-04-05T03:18:00+00:00,https://i.pximg.net/img-original/img/2023/04/05/12/24/31/106883752_p0.png,https://i.pximg.net/c/250x250_80_a2/img-master/img/2023/04/05/12/24/31/106883752_p0_square1200.jpg,"Crysskail75535732/Futa Taliyah & Kai'sa#106883752_p000.png"
106386249,"R-18,League_of_Legends,Taliyah,ふたなり,巨乳,太もも,筋肉娘","R-18,League_of_Legends,Taliyah,扶他,巨乳,大腿,肌肉娘",Crysskail,75535732,"Pool Part Taliyah sequence","A warmup that escalated way too much...

My first post with her is now exactly one year old. 
I've come a long way since then (´꒳`)

Definitely not on a Taliyah brainrot, what are you talking about ( 〃▽〃)",Illustration,7,772,No,462,6203,4,777,1105,R-18,No,2023-03-20T03:18:00+00:00,https://i.pximg.net/img-original/img/2023/03/20/12/18/20/106386249_p0.png,https://i.pximg.net/c/250x250_80_a2/img-master/img/2023/03/20/12/18/20/106386249_p0_square1200.jpg,"Crysskail75535732/106386249Pool Part Taliyah sequence/Pool Part Taliyah sequence#106386249_p000.png"
106077501,"R-18,League_of_Legends,Taliyah,英雄联盟,巨尻,尻神様","R-18,League_of_Legends,Taliyah,英雄联盟,肥臀,尻神样",Crysskail,75535732,"SSG Taliyah 2","All these will be a spiritual successor to the pin-up collection I never finished of her
I need to do more butt focus pics too

I like SSG Taliyah so much man, I still remember my literal jaw-drop after I saw her in the splash art reveal back in 2017 ( 〃▽〃)",Illustration,1,548,No,275,3764,3,1168,1508,R-18,No,2023-03-10T02:22:00+00:00,https://i.pximg.net/img-original/img/2023/03/10/11/22/28/106077501_p0.png,https://i.pximg.net/c/250x250_80_a2/custom-thumb/img/2023/03/10/11/22/28/106077501_p0_custom1200.jpg,"Crysskail75535732/SSG Taliyah 2#106077501_p000.png"
106018798,"R-18,League_of_Legends,Taliyah,巨乳,巨尻,尻神様,英雄联盟","R-18,League_of_Legends,Taliyah,巨乳,肥臀,尻神样,英雄联盟",Crysskail,75535732,"SSG Taliyah best girl","Remember that one sketch?

I had this one for some time, as it was a part of a collection of pin-ups that I never got to finish.... just touched it up a bit

SSG Taliyah is my #1 favourite, just slightly above Pool Party
The best part? I have exactly this as a skin (´▽｀人)",Illustration,1,591,No,300,3892,3,1980,1300,R-18,No,2023-03-08T01:25:00+00:00,https://i.pximg.net/img-original/img/2023/03/08/10/25/29/106018798_p0.png,https://i.pximg.net/c/250x250_80_a2/custom-thumb/img/2023/03/08/10/25/29/106018798_p0_custom1200.jpg,"Crysskail75535732/SSG Taliyah best girl#106018798_p000.png"
105301180,"R-18,League_of_Legends,Neeko,巨尻,Lillia,巨乳,馬チンポ,巨根,ふたなり","R-18,League_of_Legends,Neeko,肥臀,Lillia,巨乳,马屌,巨大阴茎,扶他",Crysskail,75535732,"Neeko milking Lillia","An overly complicated and long excercise in stylzation, bg painting, fluids, character interaction, color, expression, etc, etc, etc...

I procrastinated a lot and I'm still tired e-e",Illustration,3,6816,No,3198,41726,6,3660,3085,R-18,No,2023-02-12T01:23:00+00:00,https://i.pximg.net/img-original/img/2023/02/12/10/26/49/105301180_p0.png,https://i.pximg.net/c/250x250_80_a2/img-master/img/2023/02/12/10/26/49/105301180_p0_square1200.jpg,"Crysskail75535732/105301180Neeko milking Lillia/Neeko milking Lillia#105301180_p000.png"
104634821,"R-18,commission,OC,巨乳,体格差,爆乳,太もも","R-18,commission,OC,巨乳,体型差,爆乳,大腿",Crysskail,75535732,"Mini gts Min & Val","Commission for @BlinkandPig on Twitter",Illustration,3,1168,No,676,7829,3,2040,1670,R-18,No,2023-01-19T00:53:00+00:00,https://i.pximg.net/img-original/img/2023/01/19/09/53/30/104634821_p0.png,https://i.pximg.net/c/250x250_80_a2/img-master/img/2023/01/19/09/53/30/104634821_p0_square1200.jpg,"Crysskail75535732/104634821Mini gts Min & Val/Mini gts Min & Val#104634821_p000.png"
104306500,"R-18,commission,League_of_Legends,ふたなり,Lux(LoL)","R-18,commission,League_of_Legends,扶他,Lux(LoL)",Crysskail,75535732,"Futa Battle Academia Lux","Comm for @schattentod8 on Twitter",Illustration,2,1998,No,1035,14107,4,1415,2176,R-18,No,2023-01-07T00:53:00+00:00,https://i.pximg.net/img-original/img/2023/01/07/09/53/11/104306500_p0.png,https://i.pximg.net/c/250x250_80_a2/img-master/img/2023/01/07/09/53/11/104306500_p0_square1200.jpg,"Crysskail75535732/104306500Futa Battle Academia Lux/Futa Battle Academia Lux#104306500_p000.png"
103803696,"R-18,commission,OC,男,巨根","R-18,commission,OC,男,巨大阴茎",Crysskail,75535732,Ao,"Commission for @jakal_low on Twitter",Illustration,2,738,No,423,9061,1,1197,2048,R-18,No,2022-12-22T06:14:00+00:00,https://i.pximg.net/img-original/img/2022/12/22/15/14/07/103803696_p0.png,https://i.pximg.net/c/250x250_80_a2/img-master/img/2022/12/22/15/14/07/103803696_p0_square1200.jpg,Crysskail75535732/103803696Ao/Ao#103803696_p000.png
103457207,"R-18,ふたなり,commission,パンツ,尻","R-18,扶他,commission,内裤,屁股",Crysskail,75535732,"Futa Thalia","Commission for @Meitastical on Twitter",Illustration,2,2129,No,1203,12323,4,1970,1060,R-18,No,2022-12-09T00:54:00+00:00,https://i.pximg.net/img-original/img/2022/12/22/15/05/59/103457207_p0.png,https://i.pximg.net/c/250x250_80_a2/img-master/img/2022/12/22/15/05/59/103457207_p0_square1200.jpg,"Crysskail75535732/103457207Futa Thalia/Futa Thalia#103457207_p000.png"
103268747,"R-18,ふたなり,commission,巨大娘,春麗,ハン・ジュリ,ストリートファイター,筋肉娘,爆乳","R-18,扶他,commission,巨大化妹子,春丽,韩蛛俐,快打旋风,肌肉娘,爆乳",Crysskail,75535732,"Gts Futa Chun Li & Juri","Commission for anonymous on Twitter",Illustration,2,1431,No,767,13794,4,1665,976,R-18,No,2022-12-02T00:48:00+00:00,https://i.pximg.net/img-original/img/2022/12/22/15/15/51/103268747_p0.png,https://i.pximg.net/c/250x250_80_a2/img-master/img/2022/12/22/15/15/51/103268747_p0_square1200.jpg,"Crysskail75535732/103268747Gts Futa Chun Li & Juri/Gts Futa Chun Li & Juri#103268747_p000.png"
102974495,"R-18,OC,巨根,オリキャラ,男の子","R-18,OC,巨大阴茎,原创角色,男孩子",Crysskail,75535732,"Establishing Vander [OC]","Trying to get a better grasp of my ocs designs, lastly with Vander, who may also be my sona",Illustration,1,1278,No,633,9072,2,2430,2260,R-18,No,2022-11-21T02:07:00+00:00,https://i.pximg.net/img-original/img/2022/12/22/15/16/23/102974495_p0.png,https://i.pximg.net/c/250x250_80_a2/img-master/img/2022/12/22/15/16/23/102974495_p0_square1200.jpg,"Crysskail75535732/Establishing Vander [OC]#102974495_p000.png"
102858607,"commission,爆乳,太もも,ファンタジー,魔女","commission,爆乳,大腿,奇幻,魔女",Crysskail,75535732,"Witch Zanna","Comm for @ZannaGTS on Twitter",Illustration,2,412,No,246,5080,3,1272,2199,AllAges,No,2022-11-17T01:09:00+00:00,https://i.pximg.net/img-original/img/2022/11/17/10/09/33/102858607_p0.png,https://i.pximg.net/c/250x250_80_a2/img-master/img/2022/11/17/10/09/33/102858607_p0_square1200.jpg,"Crysskail75535732/102858607Witch Zanna/Witch Zanna#102858607_p000.png"
102526363,"R-18,ふたなり,ポケモン,爆乳,オカルトマニア,シャンデラ","R-18,扶他,精灵宝可梦,爆乳,灵异迷,chandelure",Crysskail,75535732,"Day of the Dead - Futa Hex","Only 2 days late...",Illustration,1,1394,No,738,7332,5,3629,3009,R-18,No,2022-11-05T01:44:00+00:00,https://i.pximg.net/img-original/img/2022/12/22/15/17/09/102526363_p0.png,https://i.pximg.net/c/250x250_80_a2/img-master/img/2022/12/22/15/17/09/102526363_p0_square1200.jpg,"Crysskail75535732/Day of the Dead - Futa Hex#102526363_p000.png"
102417694,"R-18,ふたなり,commission,爆乳,巨根,艦隊これくしょん,時雨(艦隊これくしょん)","R-18,扶他,commission,爆乳,巨大阴茎,舰队collection,时雨（舰队收藏）",Crysskail,75535732,"Futa Shigure","Comm for @YandereISAT on Twitter",Illustration,2,2024,No,1036,12013,6,2210,1840,R-18,No,2022-11-01T00:45:00+00:00,https://i.pximg.net/img-original/img/2022/12/22/15/33/13/102417694_p0.png,https://i.pximg.net/c/250x250_80_a2/img-master/img/2022/12/22/15/33/13/102417694_p0_square1200.jpg,"Crysskail75535732/102417694Futa Shigure/Futa Shigure#102417694_p000.png"
102215985,"R-18,ふたなり,OC,爆乳,筋肉娘","R-18,扶他,OC,爆乳,肌肉娘",Crysskail,75535732,"Establishing Tali [OC]","Trying to get a better grasp of my ocs designs, starting with Tali",Illustration,1,1057,No,558,6009,6,2430,2260,R-18,Unknown,2022-10-25T00:04:00+00:00,https://i.pximg.net/img-original/img/2022/12/22/15/33/59/102215985_p0.png,https://i.pximg.net/c/250x250_80_a2/img-master/img/2022/12/22/15/33/59/102215985_p0_square1200.jpg,"Crysskail75535732/Establishing Tali [OC]#102215985_p000.png"
101977666,"R-18,ふたなり,commission,ファイナルファンタジー14,ヤ・シュトラ,爆乳,巨根","R-18,扶他,commission,最终幻想14,雅修特拉,爆乳,巨大阴茎",Crysskail,75535732,"Futa R'das","Commission for @DasWasLewd on Twitter",Illustration,1,2346,No,1053,11719,9,1910,1800,R-18,Unknown,2022-10-16T02:43:00+00:00,https://i.pximg.net/img-original/img/2022/12/22/15/34/48/101977666_p0.png,https://i.pximg.net/c/250x250_80_a2/img-master/img/2022/12/22/15/34/48/101977666_p0_square1200.jpg,"Crysskail75535732/Futa R'das#101977666_p000.png"
101977538,"R-18,ふたなり,commission,ファイナルファンタジー14,アウラ,ヴィエラ,筋肉娘","R-18,扶他,commission,最终幻想14,敖龙族,维埃拉族,肌肉娘",Crysskail,75535732,"Futa Monty & Velyn","Commission for @Monty_Pla & @Veyllure on Twitter

Forgot to post this here (°ー°〃)",Illustration,2,975,No,473,7250,2,1900,1934,R-18,Unknown,2022-10-16T02:36:00+00:00,https://i.pximg.net/img-original/img/2022/12/22/15/35/36/101977538_p0.png,https://i.pximg.net/c/250x250_80_a2/img-master/img/2022/12/22/15/35/36/101977538_p0_square1200.jpg,"Crysskail75535732/101977538Futa Monty & Velyn/Futa Monty & Velyn#101977538_p000.png"
101719028,"R-18,ふたなり,League_of_Legends,巨尻,爆乳,体格差","R-18,扶他,League_of_Legends,肥臀,爆乳,体型差",Crysskail,75535732,"Kindred [mini comic]","The winner of a small experimental poll I made on my Twitter.
Lamb is exactly my cup of tea, so I decided to make this with a concept I personally enjoy a lot",Illustration,2,2634,No,1310,19423,2,1032,2048,R-18,Unknown,2022-10-06T00:49:00+00:00,https://i.pximg.net/img-original/img/2022/12/23/08/56/47/101719028_p0.png,https://i.pximg.net/c/250x250_80_a2/img-master/img/2022/12/23/08/56/47/101719028_p0_square1200.jpg,"Crysskail75535732/101719028Kindred [mini comic]/Kindred [mini comic]#101719028_p000.png"
101400170,"R-18,ふたなり,League_of_Legends,英雄联盟,soraka,Lillia,巨乳","R-18,扶他,League_of_Legends,英雄联盟,soraka,Lillia,巨乳",Crysskail,75535732,"Futa Soraka & Lillia","Experimental quick sketches",Illustration,2,4662,No,2090,25461,7,819,1474,R-18,Unknown,2022-09-22T01:35:00+00:00,https://i.pximg.net/img-original/img/2022/12/23/08/57/45/101400170_p0.png,https://i.pximg.net/c/250x250_80_a2/img-master/img/2022/12/23/08/57/45/101400170_p0_square1200.jpg,"Crysskail75535732/101400170Futa Soraka & Lillia/Futa Soraka & Lillia#101400170_p000.png"
100913148,"R-18,ふたなり,commission,巨乳,太もも,アクア(キングダムハーツ),キングダムハーツ","R-18,扶他,commission,巨乳,大腿,阿库娅（王国之心）,国王之心",Crysskail,75535732,"Futa Aqua [KH]","Commission for @DiscreetTemplar on Twitter",Illustration,2,1284,No,631,7620,3,1754,2048,R-18,Unknown,2022-09-01T00:29:00+00:00,https://i.pximg.net/img-original/img/2022/12/22/15/36/33/100913148_p0.png,https://i.pximg.net/c/250x250_80_a2/img-master/img/2022/12/22/15/36/33/100913148_p0_square1200.jpg,"Crysskail75535732/100913148Futa Aqua [KH]/Futa Aqua [KH]#100913148_p000.png"
100722220,"R-18,commission,ふたなり,爆乳,巨乳,巨根","R-18,commission,扶他,爆乳,巨乳,巨大阴茎",Crysskail,75535732,"Futa Colette","Commission for @Colettuce3 on Twitter",Illustration,2,1713,No,773,8197,6,2048,3328,R-18,Unknown,2022-08-23T23:36:00+00:00,https://i.pximg.net/img-original/img/2022/12/22/15/37/33/100722220_p0.png,https://i.pximg.net/c/250x250_80_a2/img-master/img/2022/12/22/15/37/33/100722220_p0_square1200.jpg,"Crysskail75535732/100722220Futa Colette/Futa Colette#100722220_p000.png"
100445288,"R-18,commission,爆乳,長身女性,太もも,巨乳","R-18,commission,爆乳,高妹,大腿,巨乳",Crysskail,75535732,"Mini-gts Alex S.","Comm for @FlipDuckky on Twitter",Illustration,2,778,No,376,9552,0,2740,2048,R-18,Unknown,2022-08-13T00:10:00+00:00,https://i.pximg.net/img-original/img/2022/08/13/09/10/36/100445288_p0.png,https://i.pximg.net/c/250x250_80_a2/img-master/img/2022/08/13/09/10/36/100445288_p0_square1200.jpg,"Crysskail75535732/100445288Mini-gts Alex S．/Mini-gts Alex S.#100445288_p000.png"
100095122,"R-18,ふたなり,爆乳,巨尻,Neeko,League_of_Legends","R-18,扶他,爆乳,肥臀,Neeko,League_of_Legends",Crysskail,75535732,"Futa Neeko",,Illustration,3,3861,No,1828,23774,6,2420,2420,R-18,Unknown,2022-07-30T01:09:00+00:00,https://i.pximg.net/img-original/img/2022/12/24/14/59/59/100095122_p0.png,https://i.pximg.net/c/250x250_80_a2/img-master/img/2022/12/24/14/59/59/100095122_p0_square1200.jpg,"Crysskail75535732/100095122Futa Neeko/Futa Neeko#100095122_p000.png"
99578678,"R-18,ふたなり,爆乳,腹筋,太もも,巨根,スティーブン・ユニバース,ラピスラズリ","R-18,扶他,爆乳,腹肌,大腿,巨大阴茎,宇宙小子,Lapis Lazuli",Crysskail,75535732,"Futa Lapislazuli",,Illustration,4,1975,No,832,10160,15,2070,2430,R-18,Unknown,2022-07-08T00:53:00+00:00,https://i.pximg.net/img-original/img/2022/12/24/14/57/29/99578678_p0.png,https://i.pximg.net/c/250x250_80_a2/img-master/img/2022/12/24/14/57/29/99578678_p0_square1200.jpg,"Crysskail75535732/99578678Futa Lapislazuli/Futa Lapislazuli#99578678_p000.png"
99219550,"R-18,ふたなり,爆乳,巨尻,筋肉娘,WiiFitトレーナー","R-18,扶他,爆乳,肥臀,肌肉娘,WiiFit教练",Crysskail,75535732,"Futa Wii Fit Trainer",,Illustration,4,5907,No,2773,28984,13,2070,2430,R-18,Unknown,2022-06-21T23:43:00+00:00,https://i.pximg.net/img-original/img/2022/12/24/15/00/52/99219550_p0.png,https://i.pximg.net/c/250x250_80_a2/img-master/img/2022/12/24/15/00/52/99219550_p0_square1200.jpg,"Crysskail75535732/99219550Futa Wii Fit Trainer/Futa Wii Fit Trainer#99219550_p000.png"
98463919,"commission,巨乳,爆乳,太もも,筋肉娘,腹筋","commission,巨乳,爆乳,大腿,肌肉娘,腹肌",Crysskail,75535732,"Jaycee [OC] at her new job","Comm for @Jmaster_99 on Twitter",Illustration,1,798,No,404,6387,0,1850,2048,AllAges,Unknown,2022-05-19T17:17:00+00:00,https://i.pximg.net/img-original/img/2022/05/20/02/17/59/98463919_p0.png,https://i.pximg.net/c/250x250_80_a2/custom-thumb/img/2022/05/20/02/17/59/98463919_p0_custom1200.jpg,"Crysskail75535732/Jaycee [OC] at her new job#98463919_p000.png"
98289077,"R-18,commission,精液ボテ,巨根,巨乳,体格差,筋肉娘,爆乳","R-18,commission,储精罐,巨大阴茎,巨乳,体型差,肌肉娘,爆乳",Crysskail,75535732,"Tali & ...Sultan [OC] S E X","Comm for @Hanns33694210 on Twitter",Illustration,2,1286,No,665,12644,1,2404,2048,R-18,Unknown,2022-05-12T04:09:00+00:00,https://i.pximg.net/img-original/img/2022/12/24/15/12/03/98289077_p0.png,https://i.pximg.net/c/250x250_80_a2/img-master/img/2022/12/24/15/12/03/98289077_p0_square1200.jpg,"Crysskail75535732/98289077Tali & ...Sultan [OC] S E X/Tali & ...Sultan [OC] S E X#98289077_p000.png"
97774217,"R-18,ふたなり,commission,筋肉娘,爆乳,巨根,モンスター娘","R-18,扶他,commission,肌肉娘,爆乳,巨大阴茎,魔物娘",Crysskail,75535732,"[OC] Mini gts futa Flare","Commission for @GamerUninformed on Twitter of their oc Flare",Illustration,1,1046,No,452,6430,3,2048,1500,R-18,Unknown,2022-04-21T04:45:00+00:00,https://i.pximg.net/img-original/img/2022/12/24/15/14/09/97774217_p0.png,https://i.pximg.net/c/250x250_80_a2/img-master/img/2022/12/24/15/14/09/97774217_p0_square1200.jpg,"Crysskail75535732/[OC] Mini gts futa Flare#97774217_p000.png"
97616958,"R-18,commission,ふたなり,体格差,巨乳,爆乳","R-18,commission,扶他,体型差,巨乳,爆乳",Crysskail,75535732,"[OC] Mini-gts futa x female","For anonymous",Illustration,1,1100,No,516,5857,3,1370,2048,R-18,Unknown,2022-04-14T03:51:00+00:00,https://i.pximg.net/img-original/img/2022/12/24/15/18/23/97616958_p0.png,https://i.pximg.net/c/250x250_80_a2/custom-thumb/img/2022/12/24/15/18/23/97616958_p0_custom1200.jpg,"Crysskail75535732/[OC] Mini-gts futa x female#97616958_p000.png"
97349475,"R-18,ふたなり,巨根,OC,体格差,爆乳,巨尻,巨乳,鬼龍院皐月","R-18,扶他,巨大阴茎,OC,体型差,爆乳,肥臀,巨乳,鬼龙院皋月",Crysskail,75535732,"A small sketch dump","A compilation of sketches that were Twitter exclusive and some more",Illustration,3,642,No,330,6201,3,931,980,R-18,Unknown,2022-04-02T06:37:00+00:00,https://i.pximg.net/img-original/img/2022/12/24/15/19/17/97349475_p0.png,https://i.pximg.net/c/250x250_80_a2/img-master/img/2022/12/24/15/19/17/97349475_p0_square1200.jpg,"Crysskail75535732/97349475A small sketch dump/A small sketch dump#97349475_p000.png"
97300127,"R-18,巨根,OC","R-18,巨大阴茎,OC",Crysskail,75535732,"It didn't fit, Tali [OC]","I wanted to flesh out Vander's design, cuz Tali has been practically the ""main"" one. 
His personality is similar to her, just dialed down a bit. They are mostly only comfortable with each other (intimately as well)",Illustration,2,546,No,278,5159,0,860,1090,R-18,Unknown,2022-03-31T06:19:00+00:00,https://i.pximg.net/img-original/img/2022/12/24/15/19/48/97300127_p0.png,https://i.pximg.net/c/250x250_80_a2/img-master/img/2022/12/24/15/19/48/97300127_p0_square1200.jpg,"Crysskail75535732/97300127It didn't fit, Tali [OC]/It didn't fit, Tali [OC]#97300127_p000.png"
97042126,"R-18,ふたなり,巨乳,League_of_Legends,Taliyah","R-18,扶他,巨乳,League_of_Legends,Taliyah",Crysskail,75535732,"Pool Party Taliyah","LoL's best girl btw",Illustration,2,542,No,282,5050,3,2048,2048,R-18,Unknown,2022-03-20T03:19:00+00:00,https://i.pximg.net/img-original/img/2022/12/24/15/20/45/97042126_p0.png,https://i.pximg.net/c/250x250_80_a2/img-master/img/2022/12/24/15/20/45/97042126_p0_square1200.jpg,"Crysskail75535732/97042126Pool Party Taliyah/Pool Party Taliyah#97042126_p000.png"
96855563,"R-18,commission,ふたなり,巨乳,ファイアーエムブレム","R-18,commission,扶他,巨乳,圣火降魔录",Crysskail,75535732,"Futa Charlotte 2",,Illustration,1,1590,No,720,7336,4,1684,2048,R-18,Unknown,2022-03-12T07:05:00+00:00,https://i.pximg.net/img-original/img/2022/12/24/15/22/00/96855563_p0.png,https://i.pximg.net/c/250x250_80_a2/img-master/img/2022/12/24/15/22/00/96855563_p0_square1200.jpg,"Crysskail75535732/Futa Charlotte 2#96855563_p000.png"
96828374,"R-18,体格差,筋肉娘,爆乳,巨尻,巨乳","R-18,体型差,肌肉娘,爆乳,肥臀,巨乳",Crysskail,75535732,"Tali & Vander [OC] sketches","It's her again! Yup, the guy with 4 arms is called Vander.

I have way to many ideas for these 2, so I've been experimenting with this rougher but faster way of drawing to feasibly do them. I just love all the possibilities a shy/gentle mini-gts like Tali has to offer

However, I'm torn between cute/wholesome stuff and full on smut :'>",Illustration,2,373,No,178,4653,0,936,962,R-18,Unknown,2022-03-11T01:35:00+00:00,https://i.pximg.net/img-original/img/2022/12/24/15/24/29/96828374_p0.png,https://i.pximg.net/c/250x250_80_a2/img-master/img/2022/12/24/15/24/29/96828374_p0_square1200.jpg,"Crysskail75535732/96828374Tali & Vander [OC] sketches/Tali & Vander [OC] sketches#96828374_p000.png"
96809279,"R-18,commission,ふたなり,筋肉娘,腹筋,巨根,爆乳,ファイアーエムブレム","R-18,commission,扶他,肌肉娘,腹肌,巨大阴茎,爆乳,圣火降魔录",Crysskail,75535732,"Muscular futa Anna 2",,Illustration,1,1382,No,569,6237,3,1750,2110,R-18,Unknown,2022-03-10T04:17:00+00:00,https://i.pximg.net/img-original/img/2022/12/24/15/25/03/96809279_p0.png,https://i.pximg.net/c/250x250_80_a2/custom-thumb/img/2022/12/24/15/25/03/96809279_p0_custom1200.jpg,"Crysskail75535732/Muscular futa Anna 2#96809279_p000.png"
96715743,"R-18,ふたなり,爆乳,纏流子,キルラキル,巨尻,RyukoRedraw","R-18,扶他,爆乳,缠流子,斩服少女,肥臀,RyukoRedraw",Crysskail,75535732,"Ryuko redraw",,Illustration,3,1267,No,662,8233,5,1500,2048,R-18,Unknown,2022-03-06T03:37:00+00:00,https://i.pximg.net/img-original/img/2022/12/24/15/31/20/96715743_p0.png,https://i.pximg.net/c/250x250_80_a2/img-master/img/2022/12/24/15/31/20/96715743_p0_square1200.jpg,"Crysskail75535732/96715743Ryuko redraw/Ryuko redraw#96715743_p000.png"
96664595,"R-18,ふたなり,巨根,巨大娘,巨乳,commission","R-18,扶他,巨大阴茎,巨大化妹子,巨乳,commission",Crysskail,75535732,"Futa/Gts Lihihonua & Mo [OC]","Lihihonua and Mo, ocs by @Deachuu_ on Twitter",Illustration,2,471,No,226,5542,2,2048,2048,R-18,Unknown,2022-03-03T23:01:00+00:00,https://i.pximg.net/img-original/img/2022/12/24/15/36/59/96664595_p0.png,https://i.pximg.net/c/250x250_80_a2/img-master/img/2022/12/24/15/36/59/96664595_p0_square1200.jpg,"Crysskail75535732/96664595Futa／Gts Lihihonua & Mo [OC]/Futa／Gts Lihihonua & Mo [OC]#96664595_p000.png"
96598420,"R-18,commission,ふたなり,巨乳,爆乳","R-18,commission,扶他,巨乳,爆乳",Crysskail,75535732,"Futa Zozo [OC]","Oc by @ryuk5960 on Twitter",Illustration,1,1452,No,593,8047,3,1290,2048,R-18,Unknown,2022-02-28T19:34:00+00:00,https://i.pximg.net/img-original/img/2022/12/24/15/37/58/96598420_p0.png,https://i.pximg.net/c/250x250_80_a2/img-master/img/2022/12/24/15/37/58/96598420_p0_square1200.jpg,"Crysskail75535732/Futa Zozo [OC]#96598420_p000.png"
96333408,"R-18,ふたなり,巨根,初音ミク,巨大娘,オカルトマニア,爆乳","R-18,扶他,巨大阴茎,初音未来,巨大化妹子,灵异迷,爆乳",Crysskail,75535732,"Gts Miku & Futa Hex",,Illustration,2,749,No,406,7965,1,2100,3450,R-18,Unknown,2022-02-17T19:11:00+00:00,https://i.pximg.net/img-original/img/2022/12/24/15/38/41/96333408_p0.png,https://i.pximg.net/c/250x250_80_a2/img-master/img/2022/12/24/15/38/41/96333408_p0_square1200.jpg,"Crysskail75535732/96333408Gts Miku & Futa Hex/Gts Miku & Futa Hex#96333408_p000.png"
96130671,"R-18,ふたなり,爆乳,巨根,巨乳,ルコア,小林さんちのメイドラゴン","R-18,扶他,爆乳,巨大阴茎,巨乳,露科亚,小林家的龙女仆",Crysskail,75535732,"Futa Lucoa",,Illustration,3,1768,No,802,10591,5,1024,1024,R-18,Unknown,2022-02-10T01:36:00+00:00,https://i.pximg.net/img-original/img/2022/12/24/15/42/14/96130671_p0.png,https://i.pximg.net/c/250x250_80_a2/img-master/img/2022/12/24/15/42/14/96130671_p0_square1200.jpg,"Crysskail75535732/96130671Futa Lucoa/Futa Lucoa#96130671_p000.png"
96016529,"R-18,体格差,筋肉娘,ふたなり,爆乳","R-18,体型差,肌肉娘,扶他,爆乳",Crysskail,75535732,"Tali [OC]","Say hi to Tali my new and only oc so far for nsfw!
Contrary to what you may think, I actually like the mini-gts stuff more than anything, futa is a not so far second",Illustration,1,781,No,355,5207,4,2048,2048,R-18,Unknown,2022-02-05T06:26:00+00:00,https://i.pximg.net/img-original/img/2022/12/24/15/42/50/96016529_p0.png,https://i.pximg.net/c/250x250_80_a2/img-master/img/2022/12/24/15/42/50/96016529_p0_square1200.jpg,"Crysskail75535732/Tali [OC]#96016529_p000.png"
95842390,"R-18,commission,筋肉娘,ふたなり,巨乳,爆乳","R-18,commission,肌肉娘,扶他,巨乳,爆乳",Crysskail,75535732,"Reiamatrael [OC] New Year",,Illustration,1,1131,No,438,5200,2,2760,3940,R-18,Unknown,2022-01-28T18:10:00+00:00,https://i.pximg.net/img-original/img/2022/12/24/15/43/32/95842390_p0.png,https://i.pximg.net/c/250x250_80_a2/custom-thumb/img/2022/12/24/15/43/32/95842390_p0_custom1200.jpg,"Crysskail75535732/Reiamatrael [OC] New Year#95842390_p000.png"
95374270,"R-18,スー(モンスター娘のいる日常),ふたなり,巨乳,巨根,爆乳,むちむち","R-18,スー(モンスター娘のいる日常),扶他,巨乳,巨大阴茎,爆乳,丰满",Crysskail,75535732,"Futa Suu",,Illustration,3,759,No,329,5352,7,2048,2048,R-18,Unknown,2022-01-07T18:52:00+00:00,https://i.pximg.net/img-original/img/2022/12/24/15/44/31/95374270_p0.png,https://i.pximg.net/c/250x250_80_a2/img-master/img/2022/12/24/15/44/31/95374270_p0_square1200.jpg,"Crysskail75535732/95374270Futa Suu/Futa Suu#95374270_p000.png"
95334099,"R-18,むちむち,ふたなり,巨乳,ファイアーエムブレム","R-18,丰满,扶他,巨乳,圣火降魔录",Crysskail,75535732,"Futa Charlotte",,Illustration,1,1260,No,499,7043,1,1280,2048,R-18,Unknown,2022-01-06T01:18:00+00:00,https://i.pximg.net/img-original/img/2022/12/24/15/45/18/95334099_p0.png,https://i.pximg.net/c/250x250_80_a2/custom-thumb/img/2022/12/24/15/45/18/95334099_p0_custom1200.jpg,"Crysskail75535732/Futa Charlotte#95334099_p000.png"
95285826,"R-18,むちむち,筋肉娘,腹筋,ふたなり,巨根,爆乳,ファイアーエムブレム","R-18,丰满,肌肉娘,腹肌,扶他,巨大阴茎,爆乳,圣火降魔录",Crysskail,75535732,"Muscular Futa Anna",,Illustration,1,908,No,340,4516,2,1600,2048,R-18,Unknown,2022-01-03T21:33:00+00:00,https://i.pximg.net/img-original/img/2022/12/24/15/48/32/95285826_p0.png,https://i.pximg.net/c/250x250_80_a2/custom-thumb/img/2022/12/24/15/48/32/95285826_p0_custom1200.jpg,"Crysskail75535732/Muscular Futa Anna#95285826_p000.png"
94953667,"R-18,むちむち,筋肉娘,腹筋,ふたなり,巨根,爆乳,巨乳,Minecraft","R-18,丰满,肌肉娘,腹肌,扶他,巨大阴茎,爆乳,巨乳,Minecraft",Crysskail,75535732,"Muscular futa Alex",,Illustration,1,821,No,369,4890,5,1097,1246,R-18,Unknown,2021-12-23T05:55:00+00:00,https://i.pximg.net/img-original/img/2022/12/24/15/49/26/94953667_p0.png,https://i.pximg.net/c/250x250_80_a2/custom-thumb/img/2022/12/24/15/49/26/94953667_p0_custom1200.jpg,"Crysskail75535732/Muscular futa Alex#94953667_p000.png"
94914822,"R-18,オカルトマニア,むちむち,ポケモン,ふたなり,巨根,爆乳,巨乳","R-18,灵异迷,丰满,精灵宝可梦,扶他,巨大阴茎,爆乳,巨乳",Crysskail,75535732,"Futa Hex Maniac",,Illustration,1,1368,No,607,6238,1,1481,1017,R-18,Unknown,2021-12-21T05:56:00+00:00,https://i.pximg.net/img-original/img/2022/12/24/15/49/49/94914822_p0.png,https://i.pximg.net/c/250x250_80_a2/custom-thumb/img/2022/12/24/15/49/49/94914822_p0_custom1200.jpg,"Crysskail75535732/Futa Hex Maniac#94914822_p000.png"
